"Account Code","Account Name (EN)","Account Name (AR)","Account Type","Parent Account","Parent Name",Level,"Posting / Non-Posting","Active / Inactive","Normal Balance","FS Line","Reporting Group","Cash / Bank","Control Account (subledger)","Counterparty Required","Advance Holder Required"
111001,"Administrative Cash Box","صندوق نقدي إداري",Asset,111000,"Cash & Banks",2,Posting,Active,Dr,SFP-A-010,"Cash & Banks",Yes,,,
111002,"Yousfia exchane yard  Project Safe","خزنة مشروع ساحة التبادل ( اليوسفية )",Asset,111000,"Cash & Banks",2,Posting,Active,Dr,SFP-A-010,"Cash & Banks",Yes,,,
111003,"Rashdia exchange yard safe  Project Safe","خزنة مشروع ساحة التبادل ( الراشدية )",Asset,111000,"Cash & Banks",2,Posting,Active,Dr,SFP-A-010,"Cash & Banks",Yes,,,
111010,"Bank Account – Main","حساب مصرفي - رئيسي",Asset,111000,"Cash & Banks",2,Posting,Active,Dr,SFP-A-010,"Cash & Banks",Yes,,,
111011,"Bank Account – Secondary","حساب مصرفي - ثانوي",Asset,111000,"Cash & Banks",2,Posting,Active,Dr,SFP-A-010,"Cash & Banks",Yes,,,
111020,"Cash in Transit","نقد قيد التحويل",Asset,111000,"Cash & Banks",2,Posting,Active,Dr,SFP-A-010,"Cash & Banks",Yes,,,
111030,"Petty Cash","مصروف نثري (سلفة مستديمة)",Asset,111000,"Cash & Banks",2,Posting,Active,Dr,SFP-A-010,"Cash & Banks",Yes,,,
111040,"Undeposited Collections","متحصلات غير مودعة",Asset,111000,"Cash & Banks",2,Posting,Active,Dr,SFP-A-010,"Cash & Banks",Yes,,,
112001,"Trade Receivables","ذمم مدينة تجارية",Asset,112000,"Receivables & Advances",2,Posting,Active,Dr,SFP-A-020,"Receivables & Advances",,,Yes,
112010,"Employee Advances","سلف الموظفين",Asset,112000,"Receivables & Advances",2,Posting,Active,Dr,SFP-A-020,"Receivables & Advances",,"Employee advances",Yes,Yes
112020,"Contractor Advances","سلف المقاولين",Asset,112000,"Receivables & Advances",2,Posting,Active,Dr,SFP-A-020,"Receivables & Advances",,"Contractor advances",Yes,Yes
112021,"Supplier Advances","سلف الموردين",Asset,112000,"Receivables & Advances",2,Posting,Active,Dr,SFP-A-020,"Receivables & Advances",,"Supplier advances",Yes,Yes
112030,"Advance – Abdul Hamid Hailan Hoshy ( Abo sajad )","سلفة عبد الحميد هيلان حوشي ( أبو سجاد )",Asset,112000,"Receivables & Advances",2,Posting,Active,Dr,SFP-A-020,"Receivables & Advances",,"Custodian advance — Abdul Hamid",Yes,Yes
112031,"Advance – Abdul Hamid Haylan (Operating)","سلفة عبد الحميد حيلان (تشغيل)",Asset,112000,"Receivables & Advances",2,Posting,Inactive,Dr,SFP-A-020,"Receivables & Advances",,,,
112032,"Advance – Abdul Hamid Haylan (Administrative)","سلفة عبد الحميد حيلان (إدارية)",Asset,112000,"Receivables & Advances",2,Posting,Active,Dr,SFP-A-020,"Receivables & Advances",,"Custodian advance — Abdul Hamid (administrative)",Yes,Yes
112035,"Advance – Yas Jassim Muslem ( Abo Ahmed)","سلفة ياس جاسم مسلم ( أبو احمد )",Asset,112000,"Receivables & Advances",2,Posting,Active,Dr,SFP-A-020,"Receivables & Advances",,"Custodian advance — Yas Jassim",Yes,Yes
112036,"Advance – Yas Jassim (Operating)","سلفة ياس جاسم (تشغيل)",Asset,112000,"Receivables & Advances",2,Posting,Inactive,Dr,SFP-A-020,"Receivables & Advances",,,,
112037,"Advance – Yas Jassim (Administrative)","سلفة ياس جاسم (إدارية)",Asset,112000,"Receivables & Advances",2,Posting,Active,Dr,SFP-A-020,"Receivables & Advances",,"Custodian advance — Yas Jassim (administrative)",Yes,Yes
112040,"Refundable Deposits","تأمينات مستردة",Asset,112000,"Receivables & Advances",2,Posting,Active,Dr,SFP-A-020,"Receivables & Advances",,,,
112050,"Other Receivables","ذمم مدينة أخرى",Asset,112000,"Receivables & Advances",2,Posting,Active,Dr,SFP-A-020,"Receivables & Advances",,,Yes,
112060,"Employee Custody 01","عهدة موظف 01",Asset,112000,"Receivables & Advances",2,Posting,Active,Dr,SFP-A-020,"Receivables & Advances",,,,
112061,"Employee Custody 02","عهدة موظف 02",Asset,112000,"Receivables & Advances",2,Posting,Active,Dr,SFP-A-020,"Receivables & Advances",,,,
112062,"Employee Custody 03","عهدة موظف 03",Asset,112000,"Receivables & Advances",2,Posting,Active,Dr,SFP-A-020,"Receivables & Advances",,,,
112063,"Employee Custody 04","عهدة موظف 04",Asset,112000,"Receivables & Advances",2,Posting,Active,Dr,SFP-A-020,"Receivables & Advances",,,,
112064,"Employee Custody 05","عهدة موظف 05",Asset,112000,"Receivables & Advances",2,Posting,Active,Dr,SFP-A-020,"Receivables & Advances",,,,
112065,"Employee Custody 06","عهدة موظف 06",Asset,112000,"Receivables & Advances",2,Posting,Active,Dr,SFP-A-020,"Receivables & Advances",,,,
112066,"Employee Custody 07","عهدة موظف 07",Asset,112000,"Receivables & Advances",2,Posting,Active,Dr,SFP-A-020,"Receivables & Advances",,,,
112067,"Employee Custody 08","عهدة موظف 08",Asset,112000,"Receivables & Advances",2,Posting,Active,Dr,SFP-A-020,"Receivables & Advances",,,,
112068,"Employee Custody 09","عهدة موظف 09",Asset,112000,"Receivables & Advances",2,Posting,Active,Dr,SFP-A-020,"Receivables & Advances",,,,
112069,"Employee Custody 10","عهدة موظف 10",Asset,112000,"Receivables & Advances",2,Posting,Active,Dr,SFP-A-020,"Receivables & Advances",,,,
112090,"Suspense & Clearing Account","حساب وسيط وتسوية",Asset,112000,"Receivables & Advances",2,Posting,Active,Dr,SFP-A-020,"Receivables & Advances",,,,
112100,"Personal Receivables from Individuals","الذمم المدينة الشخصية على الأفراد",Asset,112000,"Receivables & Advances",2,Non-Posting,Active,Dr,SFP-A-025,"Receivables & Advances",,,,
112101,"Personal Receivable – Abdul Hamid Hailan","ذمم مدينة شخصية – عبد الحميد هيلان",Asset,112100,"Personal Receivables from Individuals",3,Posting,Active,Dr,SFP-A-025,"Personal Receivables from Individuals",,"Personal receivable",Yes,
112102,"Personal Receivable – Yas Jassim Muslim","ذمم مدينة شخصية – ياس جاسم مسلم",Asset,112100,"Personal Receivables from Individuals",3,Posting,Active,Dr,SFP-A-025,"Personal Receivables from Individuals",,"Personal receivable",Yes,
113001,"Prepaid Insurance","تأمين مدفوع مقدماً",Asset,113000,Prepayments,2,Posting,Active,Dr,SFP-A-030,Prepayments,,,,
113002,"Prepaid Rent","إيجار مدفوع مقدماً",Asset,113000,Prepayments,2,Posting,Active,Dr,SFP-A-030,Prepayments,,,,
113003,"Prepaid Licenses","رخص مدفوعة مقدماً",Asset,113000,Prepayments,2,Posting,Active,Dr,SFP-A-030,Prepayments,,,,
113004,"Prepaid Services","خدمات مدفوعة مقدماً",Asset,113000,Prepayments,2,Posting,Active,Dr,SFP-A-030,Prepayments,,,,
113009,"Other Prepayments","مصروفات أخرى مدفوعة مقدماً",Asset,113000,Prepayments,2,Posting,Active,Dr,SFP-A-030,Prepayments,,,,
115001,"Land Acquisition Cost – Government-Owned Project Site","كلفة اقتناء أرض موقع المشروع المملوك للدولة",Asset,115000,"Concession Assets under Construction",2,Posting,Active,Dr,SFP-A-040,"Concession Assets under Construction",,,,
115002,"Land Registration & Related Costs","تكاليف تسجيل الأرض وما يتصل بها",Asset,115000,"Concession Assets under Construction",2,Posting,Active,Dr,SFP-A-040,"Concession Assets under Construction",,,,
115010,"Site Preparation","تهيئة الموقع",Asset,115000,"Concession Assets under Construction",2,Posting,Active,Dr,SFP-A-040,"Concession Assets under Construction",,,,
115020,"External Road Works","أعمال الطرق الخارجية",Asset,115000,"Concession Assets under Construction",2,Posting,Active,Dr,SFP-A-040,"Concession Assets under Construction",,,,
115021,"Internal Roads","الطرق الداخلية",Asset,115000,"Concession Assets under Construction",2,Posting,Active,Dr,SFP-A-040,"Concession Assets under Construction",,,,
115022,"Sub base Yard & Parking Infrastructure","الحصى الخابط بنية الساحات والمواقف",Asset,115000,"Concession Assets under Construction",2,Posting,Active,Dr,SFP-A-040,"Concession Assets under Construction",,,,
115030,"Civil Works (Parent)","الأعمال المدنية",Asset,115000,"Concession Assets under Construction",2,Non-Posting,Active,Dr,SFP-A-040,"Concession Assets under Construction",,,,
115031,"Buildings & Facilities","المباني والمرافق",Asset,115000,"Concession Assets under Construction",2,Posting,Active,Dr,SFP-A-040,"Concession Assets under Construction",,,,
115032,"Earthworks, Excavation & Site Grading","الأعمال الترابية والحفريات وتسوية الموقع",Asset,115030,"Civil Works (Parent)",3,Posting,Active,Dr,SFP-A-040,"Civil Works (Parent)",,,,
115033,"Security Fence & Boundary Walls","السياج الأمني والأسوار المحيطية",Asset,115030,"Civil Works (Parent)",3,Posting,Active,Dr,SFP-A-040,"Civil Works (Parent)",,,,
115034,"Concrete Works & Foundations","الأعمال الكونكريتية والأسس",Asset,115030,"Civil Works (Parent)",3,Posting,Active,Dr,SFP-A-040,"Civil Works (Parent)",,,,
115035,"Loading Platforms, Ramps & Civil Structures","منصات التفريغ والرامبات والمنشآت المدنية",Asset,115030,"Civil Works (Parent)",3,Posting,Active,Dr,SFP-A-040,"Civil Works (Parent)",,,,
115036,"Stormwater Drainage & Culverts","تصريف مياه الأمطار والعبارات",Asset,115030,"Civil Works (Parent)",3,Posting,Active,Dr,SFP-A-040,"Civil Works (Parent)",,,,
115037,"Kerbs, Sidewalks & Civil Paving","القالب الجانبي والأرصفة والتبليط المدني",Asset,115030,"Civil Works (Parent)",3,Posting,Active,Dr,SFP-A-040,"Civil Works (Parent)",,,,
115039,"Other Civil Works","أعمال مدنية أخرى",Asset,115030,"Civil Works (Parent)",3,Posting,Active,Dr,SFP-A-040,"Civil Works (Parent)",,,,
115040,"Electrical Works","الأعمال الكهربائية",Asset,115000,"Concession Assets under Construction",2,Posting,Active,Dr,SFP-A-040,"Concession Assets under Construction",,,,
115041,"Mechanical Works","الأعمال الميكانيكية",Asset,115000,"Concession Assets under Construction",2,Posting,Active,Dr,SFP-A-040,"Concession Assets under Construction",,,,
115042,Lighting,الإنارة,Asset,115000,"Concession Assets under Construction",2,Posting,Active,Dr,SFP-A-040,"Concession Assets under Construction",,,,
115043,"Water & Sewerage","الماء والصرف الصحي",Asset,115000,"Concession Assets under Construction",2,Posting,Active,Dr,SFP-A-040,"Concession Assets under Construction",,,,
115050,"Fiber & Networks","الألياف والشبكات",Asset,115000,"Concession Assets under Construction",2,Posting,Active,Dr,SFP-A-040,"Concession Assets under Construction",,,,
115051,"Electronic Systems","الأنظمة الإلكترونية",Asset,115000,"Concession Assets under Construction",2,Posting,Active,Dr,SFP-A-040,"Concession Assets under Construction",,,,
115052,"CCTV & Security Systems","أنظمة المراقبة والأمن",Asset,115000,"Concession Assets under Construction",2,Posting,Active,Dr,SFP-A-040,"Concession Assets under Construction",,,,
115053,"Gates & Access Control","البوابات والتحكم بالدخول",Asset,115000,"Concession Assets under Construction",2,Posting,Active,Dr,SFP-A-040,"Concession Assets under Construction",,,,
115060,"Machinery & Integrated Equipment","المكائن والمعدات المتكاملة",Asset,115000,"Concession Assets under Construction",2,Posting,Active,Dr,SFP-A-040,"Concession Assets under Construction",,,,
115070,"Engineering Design","التصميم الهندسي",Asset,115000,"Concession Assets under Construction",2,Posting,Active,Dr,SFP-A-040,"Concession Assets under Construction",,,,
115071,"Consulting Services","الخدمات الاستشارية",Asset,115000,"Concession Assets under Construction",2,Posting,Active,Dr,SFP-A-040,"Concession Assets under Construction",,,,
115072,"Engineering Supervision","الإشراف الهندسي",Asset,115000,"Concession Assets under Construction",2,Posting,Active,Dr,SFP-A-040,"Concession Assets under Construction",,,,
115080,"Government Approvals","الموافقات الحكومية",Asset,115000,"Concession Assets under Construction",2,Posting,Active,Dr,SFP-A-040,"Concession Assets under Construction",,,,
115090,"Eligible Pre-Operating Costs","تكاليف ما قبل التشغيل المؤهلة",Asset,115000,"Concession Assets under Construction",2,Posting,Active,Dr,SFP-A-040,"Concession Assets under Construction",,,,
115099,"Other Capitalizable Project Costs","تكاليف مشروع رأسمالية أخرى",Asset,115000,"Concession Assets under Construction",2,Posting,Active,Dr,SFP-A-040,"Concession Assets under Construction",,,,
116001,"Advance Payments for Acquisition of PRJ-02 Interest","دفعات مقدمة للاستحواذ على حصة مشروع الراشدية",Asset,116000,"Investments & Project Interest Acquisitions",2,Posting,Active,Dr,SFP-A-050,"Investments & Project Interest Acquisitions",,,,
116002,"Investment – Acquisition of PRJ-02 Interest (Completed)","استثمار – الاستحواذ على حصة مشروع الراشدية (منجز)",Asset,116000,"Investments & Project Interest Acquisitions",2,Posting,Active,Dr,SFP-A-050,"Investments & Project Interest Acquisitions",,,,
116011,"Acquisition of Abdul Hamid Hailan's Interest – PRJ-02","الاستحواذ على حصة عبد الحميد هيلان – مشروع الراشدية",Asset,116000,"Investments & Project Interest Acquisitions",2,Posting,Active,Dr,SFP-A-050,"Investments & Project Interest Acquisitions",,,,
117001,"Concession & Operating Right – PRJ-01","حق الامتياز والتشغيل - PRJ-01",Asset,117000,"Concession Rights & Amortization",2,Posting,Active,Dr,SFP-A-060,"Concession Rights & Amortization",,,,
117002,"Concession & Operating Right – PRJ-02","حق الامتياز والتشغيل - PRJ-02",Asset,117000,"Concession Rights & Amortization",2,Posting,Active,Dr,SFP-A-060,"Concession Rights & Amortization",,,,
117011,"Accumulated Amortization – PRJ-01","مجمع إطفاء حق الامتياز - PRJ-01",Asset,117000,"Concession Rights & Amortization",2,Posting,Active,Dr,SFP-A-070,"Concession Rights & Amortization",,,,
117012,"Accumulated Amortization – PRJ-02","مجمع إطفاء حق الامتياز - PRJ-02",Asset,117000,"Concession Rights & Amortization",2,Posting,Active,Dr,SFP-A-070,"Concession Rights & Amortization",,,,
118001,Vehicles,المركبات,Asset,118000,"Retained Fixed Assets",2,Posting,Active,Dr,SFP-A-080,"Retained Fixed Assets",,,,
118002,"Movable Machinery","مكائن منقولة",Asset,118000,"Retained Fixed Assets",2,Posting,Active,Dr,SFP-A-080,"Retained Fixed Assets",,,,
118003,Computers,الحواسيب,Asset,118000,"Retained Fixed Assets",2,Posting,Active,Dr,SFP-A-080,"Retained Fixed Assets",,,,
118004,"Office Equipment","معدات مكتبية",Asset,118000,"Retained Fixed Assets",2,Posting,Active,Dr,SFP-A-080,"Retained Fixed Assets",,,,
118005,Furniture,الأثاث,Asset,118000,"Retained Fixed Assets",2,Posting,Active,Dr,SFP-A-080,"Retained Fixed Assets",,,,
118006,"Independent Software","برمجيات مستقلة",Asset,118000,"Retained Fixed Assets",2,Posting,Active,Dr,SFP-A-080,"Retained Fixed Assets",,,,
118009,"Other Retained Assets","أصول محتفظ بها أخرى",Asset,118000,"Retained Fixed Assets",2,Posting,Active,Dr,SFP-A-080,"Retained Fixed Assets",,,,
118011,"Accumulated Depreciation – Retained Assets","مجمع إهلاك الأصول المحتفظ بها",Asset,118000,"Retained Fixed Assets",2,Posting,Active,Dr,SFP-A-090,"Retained Fixed Assets",,,,
211001,"Trade Suppliers (Payable)","موردون تجاريون (دائنون)",Liability,211000,"Current Liabilities",2,Posting,Active,Cr,SFP-L-110,"Current Liabilities",,"Trade suppliers",Yes,
211002,"Contractors Payable","مقاولون دائنون",Liability,211000,"Current Liabilities",2,Posting,Active,Cr,SFP-L-110,"Current Liabilities",,Contractors,Yes,
211003,"Certified Works Payable","أعمال مصدّقة مستحقة الدفع",Liability,211000,"Current Liabilities",2,Posting,Active,Cr,SFP-L-110,"Current Liabilities",,"Certified works",Yes,
211004,"Retention Payable","محتجزات مستحقة الدفع",Liability,211000,"Current Liabilities",2,Posting,Active,Cr,SFP-L-115,"Current Liabilities",,Retention,Yes,
211010,"Accrued Expenses","مصروفات مستحقة",Liability,211000,"Current Liabilities",2,Posting,Active,Cr,SFP-L-120,"Current Liabilities",,,,
211011,"Salaries Payable","رواتب مستحقة",Liability,211000,"Current Liabilities",2,Posting,Active,Cr,SFP-L-120,"Current Liabilities",,,,
211090,"Other Payables – Hassan Yaqoub","ذمم دائنة أخرى – حسن يعقوب",Liability,211000,"Current Liabilities",2,Posting,Active,Cr,SFP-L-120,"Current Liabilities",,,Yes,
213001,"State Company for Land Transport – 20% Share Payable","الشركة العامة للنقل البري - حصة 20٪ مستحقة",Liability,213000,"Government Liabilities",2,Posting,Active,Cr,SFP-L-130,"Government Liabilities",,"Government 20% share",Yes,
213002,"Taxes & Statutory Deductions Payable","ضرائب واستقطاعات قانونية مستحقة",Liability,213000,"Government Liabilities",2,Posting,Active,Cr,SFP-L-130,"Government Liabilities",,,,
213009,"Other Government Liabilities","التزامات حكومية أخرى",Liability,213000,"Government Liabilities",2,Posting,Active,Cr,SFP-L-130,"Government Liabilities",,,,
221001,"Shareholder Loan – Mohammed Abdul Redha Eidan Al-Shammari","قرض مساهم - محمد عبد الرضا عيدان الشمري",Liability,221000,"Shareholder Loans",2,Posting,Active,Cr,SFP-L-140,"Shareholder Loans",,"Shareholder loan",Yes,
221002,"Shareholder Loan – Samer Kareem Dahham","قرض مساهم - سامر كريم دحام",Liability,221000,"Shareholder Loans",2,Posting,Active,Cr,SFP-L-140,"Shareholder Loans",,"Shareholder loan",Yes,
221003,"Shareholder Loan – Hussein Zahrawi Hatem","قرض مساهم - حسين زهراوي حاتم",Liability,221000,"Shareholder Loans",2,Posting,Active,Cr,SFP-L-140,"Shareholder Loans",,"Shareholder loan",Yes,
221004,"Shareholder Loan – Hussam Fakher Jallab","قرض مساهم - حسام فاخر جلاب",Liability,221000,"Shareholder Loans",2,Posting,Active,Cr,SFP-L-140,"Shareholder Loans",,"Shareholder loan",Yes,
222001,"Shareholder Current Account – Mohammed Al-Shammari","حساب جاري مساهم - محمد الشمري",Liability,222000,"Shareholder Current Accounts",2,Posting,Active,Cr,SFP-L-150,"Shareholder Current Accounts",,,Yes,
222002,"Shareholder Current Account – Samer Kareem","حساب جاري مساهم - سامر كريم",Liability,222000,"Shareholder Current Accounts",2,Posting,Active,Cr,SFP-L-150,"Shareholder Current Accounts",,,Yes,
222003,"Shareholder Current Account – Hussein Zahrawi","حساب جاري مساهم - حسين زهراوي",Liability,222000,"Shareholder Current Accounts",2,Posting,Active,Cr,SFP-L-150,"Shareholder Current Accounts",,,Yes,
222004,"Shareholder Current Account – Hussam Fakher","حساب جاري مساهم - حسام فاخر",Liability,222000,"Shareholder Current Accounts",2,Posting,Active,Cr,SFP-L-150,"Shareholder Current Accounts",,,Yes,
310001,"Registered Capital – Mohammed Al-Shammari","رأس المال المسجل - محمد الشمري",Equity,310000,Equity,2,Posting,Active,Cr,SFP-E-210,Equity,,,Yes,
310002,"Registered Capital – Samer Kareem","رأس المال المسجل - سامر كريم",Equity,310000,Equity,2,Posting,Active,Cr,SFP-E-210,Equity,,,Yes,
310003,"Registered Capital – Hussein Zahrawi","رأس المال المسجل - حسين زهراوي",Equity,310000,Equity,2,Posting,Active,Cr,SFP-E-210,Equity,,,Yes,
310004,"Registered Capital – Hussam Fakher","رأس المال المسجل - حسام فاخر",Equity,310000,Equity,2,Posting,Active,Cr,SFP-E-210,Equity,,,Yes,
310010,"Capital Contributions Pending Registration","مساهمات رأسمالية قيد التسجيل",Equity,310000,Equity,2,Posting,Active,Cr,SFP-E-220,Equity,,,,
310020,Reserves,الاحتياطيات,Equity,310000,Equity,2,Posting,Active,Cr,SFP-E-230,Equity,,,,
310030,"Retained Earnings","أرباح مدوّرة",Equity,310000,Equity,2,Posting,Active,Cr,SFP-E-240,Equity,,,,
310040,"Current-Year Result","نتيجة السنة الجارية",Equity,310000,Equity,2,Posting,Active,Cr,SFP-E-250,Equity,,,,
410001,"Truck Entry Fees","رسوم دخول الشاحنات",Revenue,410000,Revenue,2,Posting,Active,Cr,PL-010,Revenue,,,Yes,
410002,"Yard Service Fees","رسوم خدمات الساحة",Revenue,410000,Revenue,2,Posting,Active,Cr,PL-010,Revenue,,,Yes,
410003,"Handling Fees","رسوم المناولة",Revenue,410000,Revenue,2,Posting,Active,Cr,PL-010,Revenue,,,Yes,
410004,"Parking Fees","رسوم المواقف",Revenue,410000,Revenue,2,Posting,Active,Cr,PL-010,Revenue,,,Yes,
410005,"Rental Income – Shops & Facilities","إيرادات إيجار المحال والمرافق",Revenue,410000,Revenue,2,Posting,Active,Cr,PL-010,Revenue,,,Yes,
410006,"Electronic Service Income","إيرادات الخدمات الإلكترونية",Revenue,410000,Revenue,2,Posting,Active,Cr,PL-010,Revenue,,,Yes,
410009,"Other Project Operating Revenue","إيرادات تشغيلية أخرى للمشروع",Revenue,410000,Revenue,2,Posting,Active,Cr,PL-010,Revenue,,,Yes,
510001,"Government Revenue Share – 20%","حصة الإيراد الحكومية - 20٪",Expense,510000,"Direct Operating Costs",2,Posting,Active,Dr,PL-020,"Direct Operating Costs",,,,
510010,"Direct Operating Salaries","رواتب تشغيلية مباشرة",Expense,510000,"Direct Operating Costs",2,Posting,Active,Dr,PL-040,"Direct Operating Costs",,,,
510011,"Security Services","خدمات الأمن",Expense,510000,"Direct Operating Costs",2,Posting,Active,Dr,PL-040,"Direct Operating Costs",,,,
510012,Fuel,الوقود,Expense,510000,"Direct Operating Costs",2,Posting,Active,Dr,PL-040,"Direct Operating Costs",,,,
510013,Electricity,الكهرباء,Expense,510000,"Direct Operating Costs",2,Posting,Active,Dr,PL-040,"Direct Operating Costs",,,,
510014,"Project Maintenance","صيانة المشروع",Expense,510000,"Direct Operating Costs",2,Posting,Active,Dr,PL-040,"Direct Operating Costs",,,,
510015,"System Operation","تشغيل الأنظمة",Expense,510000,"Direct Operating Costs",2,Posting,Active,Dr,PL-040,"Direct Operating Costs",,,,
510016,"Cleaning Services","خدمات النظافة",Expense,510000,"Direct Operating Costs",2,Posting,Active,Dr,PL-040,"Direct Operating Costs",,,,
510017,"Direct Consumables","مستهلكات مباشرة",Expense,510000,"Direct Operating Costs",2,Posting,Active,Dr,PL-040,"Direct Operating Costs",,,,
510019,"Other Direct Operating Costs","تكاليف تشغيلية مباشرة أخرى",Expense,510000,"Direct Operating Costs",2,Posting,Active,Dr,PL-040,"Direct Operating Costs",,,,
610001,"Administrative Salaries","رواتب إدارية",Expense,610000,"Administrative Expenses",2,Posting,Active,Dr,PL-060,"Administrative Expenses",,,,
610002,"Wages & Temporary Labor","أجور وعمالة مؤقتة",Expense,610000,"Administrative Expenses",2,Posting,Active,Dr,PL-060,"Administrative Expenses",,,,
610003,"Professional Services","خدمات مهنية",Expense,610000,"Administrative Expenses",2,Posting,Active,Dr,PL-060,"Administrative Expenses",,,,
610004,"Fuel & Transportation","وقود ونقل",Expense,610000,"Administrative Expenses",2,Posting,Active,Dr,PL-060,"Administrative Expenses",,,,
610005,Communications,اتصالات,Expense,610000,"Administrative Expenses",2,Posting,Active,Dr,PL-060,"Administrative Expenses",,,,
610006,"Office Expenses","مصروفات مكتبية",Expense,610000,"Administrative Expenses",2,Posting,Active,Dr,PL-060,"Administrative Expenses",,,,
610007,"Public Relations","علاقات عامة",Expense,610000,"Administrative Expenses",2,Posting,Active,Dr,PL-060,"Administrative Expenses",,,,
610008,"Facilitation Expenses","مصروفات تسهيلية",Expense,610000,"Administrative Expenses",2,Posting,Active,Dr,PL-060,"Administrative Expenses",,,,
610009,Hospitality,ضيافة,Expense,610000,"Administrative Expenses",2,Posting,Active,Dr,PL-060,"Administrative Expenses",,,,
610010,"Legal Services","خدمات قانونية",Expense,610000,"Administrative Expenses",2,Posting,Active,Dr,PL-060,"Administrative Expenses",,,,
610011,"Audit & Accounting","تدقيق ومحاسبة",Expense,610000,"Administrative Expenses",2,Posting,Active,Dr,PL-060,"Administrative Expenses",,,,
610012,"Bank Charges","مصاريف مصرفية",Expense,610000,"Administrative Expenses",2,Posting,Active,Dr,PL-060,"Administrative Expenses",,,,
610013,Rent,إيجار,Expense,610000,"Administrative Expenses",2,Posting,Active,Dr,PL-060,"Administrative Expenses",,,,
610014,Travel,سفر,Expense,610000,"Administrative Expenses",2,Posting,Active,Dr,PL-060,"Administrative Expenses",,,,
610015,"Government Fees","رسوم حكومية",Expense,610000,"Administrative Expenses",2,Posting,Active,Dr,PL-060,"Administrative Expenses",,,,
610016,"Depreciation Expense – Retained Assets","مصروف إهلاك الأصول المحتفظ بها",Expense,610000,"Administrative Expenses",2,Posting,Active,Dr,PL-070,"Administrative Expenses",,,,
610017,"Amortization Expense – Concession Rights","مصروف إطفاء حقوق الامتياز",Expense,610000,"Administrative Expenses",2,Posting,Active,Dr,PL-070,"Administrative Expenses",,,,
610019,"Approved Administrative & Legle Expenses","مصروفات إدارية قانونية",Expense,610000,"Administrative Expenses",2,Posting,Active,Dr,PL-060,"Administrative Expenses",,,,
