Level,Field,"Arabic Label","English Label",Origin,Obligation,Validation,"Source column"
Header,journal_id,"معرّف القيد","Journal ID",System,Required,"Surrogate primary key",—
Header,jv_no,"رقم القيد","Journal Entry No.",System,Required,"Unique per company and year","File 1 col A"
Header,pv_no,"رقم سند الصرف","Payment Voucher No.",User,Conditional,"Required on disbursements","File 2 col C"
Header,rv_no,"رقم سند القبض","Receipt Voucher No.",User,Conditional,"Required on collections","File 2 col D"
Header,txn_date,"تاريخ الحركة","Transaction Date",User,Conditional,"Nullable only where date_status says the source has no date","File 1 col B"
Header,posting_date,"تاريخ الترحيل","Posting Date","System / User",Required,"Must fall inside an open period","File 2 col F"
Header,period_id,الفترة,"Accounting Period",System,Required,"Derived from the posting date","File 2 cols G, H"
Header,company_id,الكيان,Entity,System,Required,SHH-01,"File 2 col I"
Header,txn_type_code,"نوع الحركة","Transaction Type",User,Required,"One of the 39 approved types","New — RE-01"
Header,description_ar,البيان,"Description (AR)",User,Required,"Preserved verbatim for migrated entries","File 1 col F"
Header,description_en,"البيان (إنجليزي)","Description (EN)",User,Optional,—,"File 2 col AE"
Header,source_presence,"مصدر الحركة","Source Presence",Migration,Conditional,"Required on migrated entries","File 1 col P"
Header,source_reference,"مرجع المصدر","Source Reference","Migration / User",Conditional,"Required on migrated entries","File 1 col Q"
Header,source_file,"ملف المصدر","Source File",Migration,Conditional,Immutable,"File 2 col AC"
Header,source_row,"صف المصدر","Source Row",Migration,Conditional,Immutable,"File 2 col AD"
Header,date_status,"حالة التاريخ","Date Status","User / Migration",Required,"One of four approved values","File 1 col N"
Header,doc_status,"حالة المستند","Document Status",User,Required,"Partial and Missing raise an exception","File 2 col AH"
Header,recon_status,"حالة المطابقة","Reconciliation Status","System / User",Conditional,"One of nine approved values","File 1 col R"
Header,status,"حالة القيد","Journal Status",System,Required,"Workflow controlled","File 2 col AG"
Header,is_migration,"قيد ترحيل","Migration Entry",System,Required,"Cannot be set after go-live","New — VR-54"
Header,reversal_of_journal_id,"عكس للقيد","Reversal Of",System,Conditional,"Set on reversal entries","New — RE-16"
Header,linked_journal_id,"القيد الأصلي المرتبط","Linked Original JV",User,Optional,"Chain and reclassification links","File 1 col AB"
Header,"created_by / at","أنشئ بواسطة / في","Created By / At",System,Required,Audit,"New — §24"
Header,"submitted_by / at","قدّم بواسطة / في","Submitted By / At",System,Conditional,Audit,"New — §24"
Header,"reviewed_by / at","روجع بواسطة / في","Reviewed By / At",System,Conditional,Audit,"New — §24"
Header,"approved_by / at","اعتمد بواسطة / في","Approved By / At",System,Conditional,Audit,"New — §24"
Header,"posted_by / at","رحّل بواسطة / في","Posted By / At",System,Conditional,Audit,"New — §24"
Line,line_id,"معرّف السطر","Line ID",System,Required,"Surrogate primary key",—
Line,line_no,"رقم السطر","Line No.",System,Required,"Sequential within the header","File 2 col A"
Line,account_id,"رمز الحساب","Account Code",User,Required,"Must be posting and active","File 1 cols G, I"
Line,debit,مدين,Debit,User,Conditional,"Integer IQD; one side only","File 1 col K"
Line,credit,دائن,Credit,User,Conditional,"Integer IQD; one side only","File 1 col L"
Line,project_id,المشروع,Project,User,Required,"One of four values","File 1 col C"
Line,cost_center_id,"مركز التكلفة","Cost Center",User,Required,"One of nineteen values","File 1 col D"
Line,resp_center_id,"مركز المسؤولية","Responsibility Center","User / derived",Conditional,"Required on advance transactions","File 2 col L"
Line,counterparty_id,"الطرف المقابل",Counterparty,User,Conditional,"Per accounts.requires_counterparty","File 1 col E · File 2 col V"
Line,advance_holder_id,"صاحب العهدة","Advance Holder",User,Conditional,"Required on advance accounts","File 1 col E"
Line,cash_account_id,"الحساب النقدي","Cash / Bank Account",User,Conditional,"Required on 111xxx lines","File 2 col U"
Line,funding_source_id,"مصدر التمويل","Funding Source",User,Conditional,"Required on funding transactions","File 2 col R"
Line,funding_batch_id,"دفعة التمويل","Funding Batch","User / Migration",Conditional,"Required on funding-chain transactions","File 2 col S · File 1 col Q"
Line,funding_category_id,"تصنيف التمويل","Funding Category",User,Conditional,"One of eleven approved values","File 1 col AA"
Line,chain_step,"خطوة السلسلة","Funding Chain Step","System / User",Conditional,"Account pair must match the step","File 1 col Z"
Line,contract_id,العقد,Contract,User,Conditional,"Required above the approved threshold","File 2 col W"
Line,work_package_id,"حزمة العمل","Work Package",User,Optional,—,"File 2 col X"
Line,capex_opex,"رأسمالي / تشغيلي","CAPEX / OPEX",User,Conditional,"Must agree with the account class","File 2 col Y"
Line,asset_class,"تصنيف الأصل","Asset Class",User,Conditional,"Required on asset lines","File 2 col Z"
Line,handover_req,"متطلب التسليم","Handover Requirement",User,Conditional,"Required on 115xxx and 118xxx lines","File 2 col AA"
Line,revenue_eligible,"مؤهل لحصة الحكومة","Eligible for Government Share",User,Conditional,"Required on 410xxx lines","File 2 Gov Share sheet"
Line,actual_payment_source,"مصدر الدفع الفعلي","Actual Payment Source",User,Optional,"Audit field only — never used in a posting rule","File 2 col T"
Line,actual_receiver,"المستلم الفعلي","Actual Receiver",User,Optional,—,"File 1 col AC"
Line,source_amount,"مبلغ المصدر","Source Amount",Migration,Optional,"Retained for reconciliation","File 1 col S"
Line,amount_difference,"فرق المبلغ","Amount Difference",System,System,"Non-zero raises an exception","File 1 col T"
Line,recon_status,"حالة المطابقة (سطر)","Line Reconciliation Status","System / User",Conditional,"One of nine approved values","File 2 col AI"
Line,notes,ملاحظات,Notes,User,Optional,"Review and control notes","File 1 col O"
Line,duplicate_flag,"تدقيق الازدواجية","Duplicate Review",System,Conditional,"Raised by the duplicate service or carried from the source","File 1 col U"
Line,date_comparison,"مقارنة التاريخ","Date Comparison",Migration,Conditional,"One of five approved values","File 1 col Y"
Line,amer_match_ref,"مرجع المطابقة بالمصدر","Source Match Reference",Migration,Optional,"Cross-source matching evidence","File 1 cols V, W, X"
