ID,"Transaction Type (EN)","النوع (عربي)","Business event","Debit logic","Credit logic","Required dimensions","Required documents","Approval workflow","Reports affected","Control rules"
TT-01,"Shareholder Funding — Cash Received","تمويل مساهم — نقد مستلم","A shareholder transfers funds to an SHH cash account, safe or bank account.","Dr 111001/111002/111003/111010/111011 (cash or bank account receiving the funds)","Cr 221001–221004 Shareholder Loan, or 222001–222004 Shareholder Current Account, or 310010 Capital Contributions Pending Registration — per the approved classification of the funding instrument","Project (mandatory) · Cost Center (mandatory) · Shareholder (mandatory) · Funding Source · Funding Batch · Cash/Bank account (mandatory) · Actual Payment Source (audit only)","Transfer advice or receipt voucher; shareholder instruction where the classification is loan vs capital","Accountant → Senior Accountant → Finance Manager","RPT-04 · RPT-10 · RPT-11 · RPT-20 · RPT-27","VR-01 Dr=Cr · VR-06 cash account mandatory · VR-08 counterparty mandatory · VR-20 funding is never revenue"
TT-02,"Direct Payment by Shareholder on Behalf of SHH","دفع مباشر من المساهم نيابة عن الشركة","The shareholder (or Eidan Company on his behalf) pays a vendor, contractor or cost directly without the cash passing through an SHH account.","Dr the final economic account — 115xxx CIP, 116xxx acquisition, 118xxx fixed asset, 112xxx advance, 510xxx/610xxx expense","Cr 221001–221004 Shareholder Loan of the funding shareholder","Project · Cost Center · Shareholder · Counterparty (payee) · Funding Source · Funding Batch · Actual Payment Source · CAPEX/OPEX","Supplier invoice or receipt, and the funding party's payment evidence","Accountant → Senior Accountant → Finance Manager","RPT-04 · RPT-11 · RPT-16 · RPT-18 · RPT-27","VR-01 · VR-08 · VR-11 no cash account may be used · VR-30 duplicate test against the cash-funded population"
TT-03,"Third-Party Funding (non-shareholder)","تمويل من طرف آخر","A party who is not a shareholder funds a payment and the board approves recognition as a payable to that party.","Dr 111002 cash / safe, or the final economic account where paid directly","Cr 211090 Other Payables, with the funding party as counterparty","Project · Cost Center · Counterparty (mandatory) · Funding Source","Board minute approving the recognition; payment evidence","Senior Accountant → Finance Manager","RPT-04 · RPT-11 · RPT-20","VR-01 · VR-08 · VR-21 third-party funding may not be posted to 221xxx"
TT-04,"Cash Receipt (non-funding)","قبض نقدي","Cash received from a customer, refund, deposit return or other non-funding source.","Dr 111xxx cash / bank","Cr 112001 receivable, 410xxx revenue, 112040 deposits or the relevant account","Project · Cost Center · Cash/Bank account · Counterparty","Receipt voucher (RV)","Accountant → Senior Accountant","RPT-04 · RPT-10 · RPT-19","VR-01 · VR-06 · VR-22 revenue may only be credited to 410xxx"
TT-05,"Cash / Bank Payment (direct, no advance)","دفع نقدي مباشر","Payment made straight out of a safe or bank account to a payee, with the cost recognised immediately.","Dr the final economic account (115xxx / 118xxx / 510xxx / 610xxx / 211xxx)","Cr 111001/111002/111003/111010/111011","Project · Cost Center · Counterparty · Cash/Bank account · CAPEX/OPEX","Payment voucher (PV) plus invoice or receipt","Accountant → Senior Accountant → Finance Manager","RPT-04 · RPT-05 · RPT-10 · RPT-18","VR-01 · VR-06 · VR-08 · VR-13 document status required"
TT-06,"Transfer Between Cash / Bank Accounts","مناقلة بين الحسابات النقدية","Movement of funds between two SHH cash, safe or bank accounts.","Dr the receiving 111xxx account (or 111020 Cash in Transit where the movement spans periods)","Cr the paying 111xxx account","Project · Cost Center · both Cash/Bank accounts","Internal transfer voucher","Accountant → Senior Accountant","RPT-10 · RPT-04","VR-01 · VR-06 · VR-23 both legs must be cash accounts · VR-24 self-transfer forbidden"
TT-07,"Issue of Custodian / Project Advance","صرف سلفة عهدة","Cash is issued from a project safe to a named custodian against a defined purpose and settlement deadline.","Dr 112030/112032 (Abdul Hamid), 112035/112037 (Yas Jassim), 112010 employee advances, 112020 contractor advances, 112021 supplier advances","Cr 111002 or the paying cash account","Project · Cost Center · Responsibility Center · Advance Holder (mandatory) · Cash account · Funding Batch","Advance request with purpose, amount and settlement deadline; approval","Accountant → Senior Accountant → Finance Manager","RPT-13 · RPT-14 · RPT-10 · RPT-20","VR-01 · VR-07 advance holder mandatory · VR-25 issuing an advance may never debit an expense or CIP account"
TT-08,"Sub-Advance from Custody","سلفة فرعية من العهدة","A custodian passes part of his custody to an employee or a secondary holder.","Dr 112010 Employee Advances (or the receiving advance account)","Cr 112030 / 112035 the originating custody account","Project · Cost Center · Responsibility Center · both advance holders","Written instruction of the originating custodian","Accountant → Senior Accountant","RPT-13 · RPT-14","VR-01 · VR-07 · VR-25"
TT-09,"Settlement of Advance — CAPEX","تسوية سلفة — نفقة رأسمالية","Approved documents prove that custody funds were spent on capitalisable project works.","Dr 115xxx Concession Assets under Construction (or 116xxx / 118xxx as approved)","Cr 112030 / 112032 / 112035 / 112037 / 112010 — ALWAYS the advance account","Project · Cost Center · Responsibility Center · Advance Holder · Counterparty · CAPEX/OPEX = CAPEX · Asset Class · Handover Requirement","Invoice, receipt, contract or certificate; approval of the classification","Accountant → Senior Accountant → Finance Manager","RPT-04 · RPT-13 · RPT-15 · RPT-18 · RPT-20","VR-01 · VR-26 the advance account must be the credit side · VR-27 no expense/CIP account may ever be credited to settle an advance"
TT-10,"Settlement of Advance — OPEX / Administrative","تسوية سلفة — نفقة تشغيلية أو إدارية","Approved documents prove that custody funds were spent on operating or administrative costs.","Dr 510xxx Direct Operating Costs or 610xxx Administrative Expenses","Cr the advance account","Project · Cost Center · Responsibility Center · Advance Holder · Counterparty · CAPEX/OPEX = OPEX","Invoice, receipt or approved expense claim","Accountant → Senior Accountant → Finance Manager","RPT-04 · RPT-07 · RPT-13 · RPT-15","VR-01 · VR-26 · VR-27"
TT-11,"Settlement of Advance — Fixed Asset","تسوية سلفة — أصل ثابت","Custody funds were spent acquiring a movable asset retained by SHH.","Dr 118001–118009 Retained Fixed Assets","Cr the advance account","Project · Cost Center · Advance Holder · Counterparty · Asset Class = Fixed Asset (Retained)","Purchase invoice and asset receipt","Accountant → Senior Accountant → Finance Manager","RPT-04 · RPT-13 · RPT-18","VR-01 · VR-26 · VR-27"
TT-12,"Reclassification of Custody Spend to Personal Receivable","إعادة تصنيف إلى ذمم شخصية","Spend from custody is determined not to be a company cost and becomes personally recoverable from the custodian.","Dr 112101 / 112102 Personal Receivable of that person","Cr 112030 / 112035 the advance account","Project · Cost Center · Responsibility Center · Advance Holder","Management determination naming the items and amounts","Senior Accountant → Finance Manager (board approval where material)","RPT-13 · RPT-15 · RPT-24","VR-01 · VR-26 · VR-28 personal receivable requires a named individual"
TT-13,"Refund of Unused Advance Cash","إعادة نقد غير مستخدم من السلفة","The custodian returns unspent cash to the safe or bank.","Dr 111xxx cash account","Cr the advance account","Project · Cost Center · Advance Holder · Cash account","Receipt voucher","Accountant → Senior Accountant","RPT-10 · RPT-13 · RPT-20","VR-01 · VR-06 · VR-26"
TT-14,"Contractor / Supplier Advance","سلفة مقاول أو مورد","An advance payment is made to a contractor or supplier ahead of certified work or delivery.","Dr 112020 Contractor Advances / 112021 Supplier Advances","Cr 111xxx cash or 221xxx where paid directly by the shareholder","Project · Cost Center · Counterparty (mandatory) · Contract · Work Package · Funding Batch","Signed contract or purchase order and the advance guarantee where required","Senior Accountant → Finance Manager","RPT-16 · RPT-17 · RPT-13 · RPT-10","VR-01 · VR-08 · VR-29 a contract reference is required above the approved threshold"
TT-15,"Certified Work Recognition","إثبات أعمال مصدّقة","An engineering certificate approves work executed by a contractor.","Dr 115xxx CIP (or 510xxx where the work is operating in nature)","Cr 211003 Certified Works Payable","Project · Cost Center · Counterparty · Contract · Work Package · CAPEX/OPEX · Asset Class","Signed progress certificate and measurement sheet","Senior Accountant → Finance Manager","RPT-16 · RPT-17 · RPT-18 · RPT-06","VR-01 · VR-08 · VR-29 · VR-31 certified value may not exceed contract value plus approved variations"
TT-16,"Advance Recovery Against Certified Work","استقطاع السلفة من الأعمال المصدّقة","Part of a contractor advance is recovered against certified work at the contractual recovery rate.","Dr 211003 Certified Works Payable","Cr 112020 Contractor Advances","Counterparty · Contract · Project","Certificate showing the recovery calculation","Senior Accountant → Finance Manager","RPT-16 · RPT-17","VR-01 · VR-32 cumulative recovery may not exceed the advance issued"
TT-17,"Retention Withholding","احتجاز ضمان","Retention is withheld from a certified amount pending completion.","Dr 211003 Certified Works Payable","Cr 211004 Retention Payable","Counterparty · Contract · Project","Certificate showing the retention calculation","Senior Accountant → Finance Manager","RPT-16 · RPT-06","VR-01 · VR-33 retention percentage must match the contract master"
TT-18,"Contractor / Supplier Payment","دفع لمقاول أو مورد","A net amount is paid to the contractor or supplier.","Dr 211001 / 211002 / 211003","Cr 111xxx cash or bank","Counterparty · Contract · Cash/Bank account · Project · Cost Center","Payment voucher, certificate, invoice and tax/deduction evidence","Senior Accountant → Finance Manager","RPT-16 · RPT-10 · RPT-17","VR-01 · VR-06 · VR-08 · VR-34 payment may not exceed the outstanding payable"
TT-19,"Supplier Invoice Recognition","إثبات فاتورة مورد","A supplier invoice is recognised before payment.","Dr 115xxx / 118xxx / 510xxx / 610xxx as appropriate","Cr 211001 Trade Suppliers","Project · Cost Center · Counterparty · CAPEX/OPEX","Supplier invoice and goods receipt","Accountant → Senior Accountant","RPT-16 · RPT-06 · RPT-07","VR-01 · VR-08 · VR-13 · VR-35 duplicate invoice number per counterparty is blocked"
TT-20,"Project Interest Acquisition — Advance Payment","دفعة مقدمة لاستحواذ حصة مشروع","A payment is made towards acquiring an interest in a project (currently PRJ-02 / Al-Rashidiya).","Dr 116001 Advance Payments for Acquisition of PRJ-02 Interest","Cr 112030 advance account, 111xxx cash or 221xxx shareholder loan as applicable","Project = PRJ-02 · Cost Center · Counterparty · Funding Batch","Share purchase agreement or payment instruction and board approval","Finance Manager (board approval required)","RPT-06 · RPT-04 · RPT-12","VR-01 · VR-36 acquisition payments may not be expensed"
TT-21,"Project Interest Acquisition — Completion","إتمام استحواذ حصة مشروع","The acquisition completes and the advances are reclassified to the investment account.","Dr 116002 Investment – Acquisition of PRJ-02 Interest (Completed), or 116011 where the interest is that of a named individual","Cr 116001 Advance Payments","Project = PRJ-02 · Counterparty","Completed transfer documentation and board resolution","Finance Manager (board approval required)","RPT-06 · RPT-04","VR-01 · VR-37 completion requires a board resolution reference"
TT-22,"Concession CIP Recognition","إثبات أصول الامتياز قيد الإنشاء","Eligible project development cost is capitalised into Concession Assets under Construction.","Dr 115001–115099 as classified","Cr advance, payable, cash or shareholder loan","Project · Cost Center · Counterparty · Asset Class · Handover Requirement · CAPEX/OPEX = CAPEX","Invoice, certificate or contract evidencing the cost","Senior Accountant → Finance Manager","RPT-18 · RPT-06 · RPT-04","VR-01 · VR-38 115030 is a non-posting parent and may not be posted to"
TT-23,"Transfer from CIP to Concession & Operating Right","تحويل من قيد الإنشاء إلى حق الامتياز","At commercial operation, eligible concession costs transfer from CIP to the concession right.","Dr 117001 / 117002 Concession & Operating Right","Cr the relevant 115xxx CIP accounts","Project · Asset Class","Commercial operation certificate and board approval of the transfer schedule","Finance Manager (board approval required)","RPT-18 · RPT-06","VR-01 · VR-39 blocked until the commercial operation date parameter is set — the system must never assume one"
TT-24,"Amortization of Concession Right","إطفاء حق الامتياز","The concession right is amortized over the remaining contract term from the commercial operation date.","Dr 610017 Amortization Expense – Concession Rights","Cr 117011 / 117012 Accumulated Amortization",Project,"Amortization schedule approved by the Finance Manager","Finance Manager","RPT-07 · RPT-06","VR-01 · VR-39 · VR-40 amortization may not be posted before the commercial operation date"
TT-25,"Fixed Asset Acquisition","اقتناء أصل ثابت","A movable asset retained by SHH is acquired.","Dr 118001–118009","Cr cash, payable, advance or shareholder loan","Project · Cost Center · Counterparty · Asset Class = Fixed Asset (Retained)","Purchase invoice and asset receipt","Accountant → Senior Accountant → Finance Manager","RPT-18 · RPT-06","VR-01 · VR-08"
TT-26,"Depreciation of Retained Assets","إهلاك الأصول المحتفظ بها","Periodic depreciation of retained fixed assets.","Dr 610016 Depreciation Expense – Retained Assets","Cr 118011 Accumulated Depreciation","Cost Center · Project","Approved depreciation schedule","Finance Manager","RPT-07 · RPT-06","VR-01 · VR-41 depreciation runs only in an open period"
TT-27,"Revenue Recognition","إثبات الإيراد","Operating revenue of the yard is earned.","Dr 111xxx cash / bank or 112001 Trade Receivables","Cr 410001–410009","Project · Cost Center · Revenue type · Counterparty where applicable","Revenue report from the operating system, receipt or invoice","Accountant → Senior Accountant → Finance Manager","RPT-07 · RPT-19 · RPT-27","VR-01 · VR-22 · VR-42 revenue must carry an eligibility flag for the government share"
TT-28,"Government Revenue Share Recognition — 20%","إثبات حصة الإيراد الحكومية 20٪","The State Company share is computed on eligible revenue for the period and recognised.","Dr 510001 Government Revenue Share – 20%","Cr 213001 State Company for Land Transport – 20% Share Payable","Project · Period · Revenue population reference","Computation sheet showing eligible revenue, rate and period","Senior Accountant → Finance Manager","RPT-07 · RPT-19 · RPT-06","VR-01 · VR-43 the rate comes from the parameter table, never from code · VR-44 the base excludes funding, loans, asset disposals and refunds"
TT-29,"Government Share Payment","دفع حصة الحكومة","The accrued government share is paid to the State Company.","Dr 213001","Cr 111xxx cash or bank","Cash/Bank account · Counterparty = State Company for Land Transport","Payment voucher and government receipt","Finance Manager","RPT-19 · RPT-10","VR-01 · VR-06 · VR-34"
TT-30,"Expense Accrual","استحقاق مصروف","A cost relating to the period is recognised before invoice or payment.","Dr 510xxx / 610xxx","Cr 211010 Accrued Expenses or 211011 Salaries Payable","Project · Cost Center · Counterparty where known · Period","Accrual computation approved by the Senior Accountant","Senior Accountant → Finance Manager","RPT-07 · RPT-06","VR-01 · VR-45 accruals must be reversed or settled in the following period"
TT-31,"Prepayment Recognition and Release","إثبات وإطفاء المصروف المدفوع مقدماً","A cost paid in advance is carried and released over the benefit period.","On payment: Dr 113001–113009 / on release: Dr 510xxx or 610xxx","On payment: Cr cash or payable / on release: Cr 113xxx","Project · Cost Center · Counterparty · Period range","Contract or policy showing the benefit period","Accountant → Senior Accountant","RPT-06 · RPT-07","VR-01 · VR-46 release may not exceed the carried balance"
TT-32,"Cash Shortfall to Suspense","عجز نقدي إلى الحساب الوسيط","The amount physically received differs from the amount funded and the cause is not yet determined.","Dr 112090 Suspense & Clearing Account","Cr the advance or cash account","Project · Cost Center · Responsibility Center · Advance Holder","Note of the discrepancy; evidence pending","Senior Accountant → Finance Manager","RPT-24 · RPT-13","VR-01 · VR-47 a suspense posting automatically creates an open exception"
TT-33,"Suspense Clearance","تصفية الحساب الوسيط","The cause of a suspense item is established and the item is moved to its final account.","Dr the final account","Cr 112090","All dimensions of the final account","Evidence establishing the correct treatment","Senior Accountant → Finance Manager","RPT-24 · RPT-04","VR-01 · VR-48 clearance closes the linked exception and records the resolution"
TT-34,"Reclassification (Account Correction)","إعادة تبويب","A posted entry carries the wrong account and the board approves the correction.","Dr the correct account","Cr the account originally debited","Same dimensions as the original entry, plus a link to the original JV","Board or Finance Manager approval naming the JV, the old account and the new account","Finance Manager (board approval where material)","RPT-26 · RPT-04","VR-01 · VR-49 a reclassification must never credit an advance account a second time · VR-50 amount, date, description and source reference may not change"
TT-35,"Journal Reversal","عكس قيد","A posted entry is reversed in full under approval.","Mirror of the original credit side","Mirror of the original debit side","Same dimensions as the original, plus reversal reason and link","Written reason and approval","Finance Manager","RPT-26 · RPT-04","VR-01 · VR-51 a posted entry may not be edited or deleted — only reversed · VR-52 reversal must post to an open period"
TT-36,"Capital Contribution and Registration","مساهمة رأسمالية وتسجيلها","A shareholder contributes capital, initially pending registration, later registered.","On contribution: Dr cash / on registration: Dr 310010","On contribution: Cr 310010 / on registration: Cr 310001–310004","Shareholder · Cash account","Capital contribution evidence and the registration certificate","Finance Manager (board approval required)","RPT-06 · RPT-09 · RPT-11","VR-01 · VR-08"
TT-37,"Shareholder Loan Repayment or Conversion","سداد أو تحويل قرض مساهم","A shareholder loan is repaid in cash or converted to equity.","Dr 221001–221004","Cr 111xxx on repayment, or 310010 on conversion","Shareholder · Cash account where repaid","Board resolution; payment evidence where repaid","Finance Manager (board approval required)","RPT-11 · RPT-06 · RPT-09","VR-01 · VR-20 spending project funds NEVER reduces a shareholder loan — only repayment, conversion or an approved documented settlement does"
TT-38,"Period-End Result Transfer","ترحيل نتيجة الفترة","The current result is transferred to retained earnings at year end.","Dr 310040 Current-Year Result (or Cr where a loss)","Cr 310030 Retained Earnings (or Dr where a loss)","Entity · Fiscal Year","Approved annual financial statements","Finance Manager (board approval required)","RPT-06 · RPT-09","VR-01 · VR-53 permitted only after the final close of the last period of the year"
TT-39,"Opening Balance / Migration Entry","قيد افتتاحي / ترحيل","Historical balances or historical journal entries are loaded at go-live.","Per the migrated entry","Per the migrated entry","All dimensions carried from the source, with source file and source row recorded","The approved source workbook","Finance Manager + external sign-off","RPT-04 · RPT-29 Migration Reconciliation","VR-01 · VR-54 migration entries carry an immutable source reference and may not be created after go-live"
