"System Field","Arabic UI Label","English UI Label",Module,Definition,"Data Type",Required?,"User Input / System",Validation,Source,Example,"Related Table"
jv_no,"رقم القيد","Journal Entry No.",Journal,"Unique system-generated identifier of the accounting transaction.",VARCHAR(20),Required,System-generated,"Unique per company and fiscal year; gapless sequence","File 1 Journal col A",JV-0001,journal_headers
pv_no,"رقم سند الصرف","Payment Voucher No.",Journal,"Payment voucher reference where the transaction is a disbursement.",VARCHAR(20),Conditional,"User input","Mandatory on TT-05, TT-18, TT-29","File 2 Journal col C",PV-2024-0117,journal_headers
rv_no,"رقم سند القبض","Receipt Voucher No.",Journal,"Receipt voucher reference where the transaction is a collection.",VARCHAR(20),Conditional,"User input","Mandatory on TT-01, TT-04, TT-13","File 2 Journal col D",RV-2024-0042,journal_headers
txn_date,"تاريخ الحركة","Transaction Date",Journal,"The date on which the economic event occurred, exactly as evidenced by the source document.","DATE NULL",Conditional,"User input","Nullable ONLY where date_status is NO DATE IN SOURCE or MISSING; may not exceed the posting date","File 1 Journal col B",2023-05-01,journal_headers
posting_date,"تاريخ الترحيل","Posting Date",Journal,"The date on which the entry is recognised in the ledger; determines the accounting period.","DATE NOT NULL",Required,"System-derived from the selected period, user-adjustable within it","Must fall inside an open period","File 2 Journal col F",2023-05-31,journal_headers
period_id,"الفترة المحاسبية","Accounting Period",Journal,"The monthly accounting period the entry belongs to.","BIGINT FK",Required,System-derived,"Status must be Open at the moment of posting","File 2 Journal cols G and H",2023-05,journal_headers
date_status,"حالة التاريخ","Date Status",Journal,"Whether the source document carried a usable date. Preserves the integrity of the 311 undated historical entries.",VARCHAR(40),Required,"User input / migration","One of OK · NO DATE IN SOURCE — not fabricated · Missing Date · Inconsistent Date","File 1 Journal col N","⚠ NO DATE IN SOURCE — not fabricated",journal_headers
description_ar,البيان,"Description (Arabic)",Journal,"The narration of the transaction, preserved verbatim from the source for migrated entries.",NVARCHAR(MAX),Required,"User input","Minimum 10 characters; may not be edited after posting","File 1 Journal col F","تعزيز من السيد محمد عبد الرضا عيدان الشمري",journal_headers
description_en,"البيان (إنجليزي)","Description (English)",Journal,"English narration, optional for locally captured entries.",NVARCHAR(MAX),Optional,"User input",—,"File 2 Journal col AE","Funding from Mr. Mohammed Al-Shammari",journal_headers
account_id,الحساب,Account,Journal,"The general ledger account debited or credited by the line.","BIGINT FK",Required,"User input","Must be Posting and Active (VR-04)","File 1 Journal cols G and I",111002,journal_lines
debit,مدين,Debit,Journal,"The debit amount of the line in IQD.","DECIMAL(19,0)",Conditional,"User input","Exactly one of debit or credit must be greater than zero","File 1 Journal col K",63118500,journal_lines
credit,دائن,Credit,Journal,"The credit amount of the line in IQD.","DECIMAL(19,0)",Conditional,"User input","Exactly one of debit or credit must be greater than zero","File 1 Journal col L",63118500,journal_lines
project_id,المشروع,Project,Dimensions,"The project the line belongs to.","BIGINT FK",Required,"User input","One of PRJ-01, PRJ-02, PRJ-03, CORP","File 1 Journal col C",PRJ-01,journal_lines
cost_center_id,"مركز التكلفة","Cost Center",Dimensions,"The functional cost centre. Never a vendor.","BIGINT FK",Required,"User input","One of the 19 approved cost centres","File 1 Journal col D",CC-CIVIL,journal_lines
resp_center_id,"مركز المسؤولية","Responsibility Center",Dimensions,"The responsibility centre of the custodian or of management.","BIGINT FK",Conditional,"System-derived for migrated entries, user input thereafter","Mandatory on all advance transactions","File 2 Dimensions",RC-01,journal_lines
counterparty_id,"الطرف المقابل",Counterparty,"Master Data","The external party to the transaction — contractor, supplier, employee, shareholder, government entity or other.","BIGINT FK",Conditional,"User input","Mandatory per accounts.requires_counterparty (VR-08)","File 1 Journal col E · File 2 Journal col V","CN-03 Ard Al-Aamal Company",journal_lines
advance_holder_id,"صاحب العهدة","Advance Holder",Advances,"The named person holding the advance.","BIGINT FK",Conditional,"User input","Mandatory on every line touching an advance account (VR-07)","File 1 Journal col E","P-01 Abdul Hamid Haylan",journal_lines
cash_account_id,"الحساب النقدي","Cash / Bank Account",Cash,"The specific safe, cash box or bank account moved by the line.","BIGINT FK",Conditional,"User input","Mandatory on every line touching 111xxx (VR-06)","File 2 Journal col U","111002 Yousifiya Project Safe",journal_lines
funding_source_id,"مصدر التمويل","Funding Source",Funding,"Who provided the funds behind the transaction.","BIGINT FK",Conditional,"User input","Mandatory on funding and direct-payment transactions","File 2 Journal col R","Shareholder Loan – Al-Shammari",journal_lines
funding_batch_id,"دفعة التمويل","Funding Batch",Funding,"The source reference series entry the transaction belongs to; the unit of every funding reconciliation.","BIGINT FK",Conditional,"User input / migration","Mandatory on funding-chain transactions","File 1 Journal col Q","AMER-1 / ABS-10",journal_lines
funding_category_id,"تصنيف التمويل","Funding Category",Funding,"The approved economic classification of the funding use.","BIGINT FK",Conditional,"User input","One of the eleven approved values","File 1 Journal col AA","PRJ-01 Direct Project Funding",journal_lines
chain_step,"خطوة السلسلة","Funding Chain Step",Controls,"The position of the entry in the funding chain — funding, advance transfer, direct payment, settlement, reclassification or recovery.",VARCHAR(80),Conditional,"System-derived from the transaction type, overridable with approval","One of the twelve approved chain steps; the account pair must match the step","File 1 Journal col Z","3 – SETTLEMENT / تسوية سلفة على حساب المصروف",journal_lines
actual_payment_source,"مصدر الدفع الفعلي","Actual Payment Source",Funding,"The account or entity that physically paid. An audit field only; it never changes the accounting owner of the funding.",NVARCHAR(200),Optional,"User input","Reportable but never used in a posting rule","File 2 Journal col T · Policy 8","Eidan Company bank account",journal_lines
actual_receiver,"المستلم الفعلي","Actual Receiver",Journal,"The person or entity that physically received the funds where different from the recorded counterparty.",NVARCHAR(300),Optional,"User input",—,"File 1 Journal col AC","Amer Essam / عامر عصام",journal_lines
capex_opex,"رأسمالي / تشغيلي","CAPEX / OPEX",Dimensions,"Whether the cost is capitalised or expensed.",VARCHAR(10),Conditional,"User input","Mandatory on all cost lines; must agree with the account class","File 2 Journal col Y",CAPEX,journal_lines
asset_class,"تصنيف الأصل","Asset Class","Concession & CIP","The asset family the cost belongs to.",VARCHAR(40),Conditional,"User input","One of Concession CIP · Concession Right · Fixed Asset (Retained) · Advance · Expense · Payable · Receivable · n/a","File 2 Journal col Z · _lists","Concession CIP",journal_lines
handover_req,"متطلب التسليم","Handover Requirement","Concession & CIP","Whether the asset is government-titled, must be handed over at expiry, is retained by SHH or is pending classification.",VARCHAR(40),Conditional,"User input","Mandatory on 115xxx and 118xxx lines","File 2 Journal col AA · Policy 6","Handover Required at Expiry",journal_lines
contract_id,العقد,Contract,Contracts,"The contract the transaction executes.","BIGINT FK",Conditional,"User input","Mandatory on contractor transactions above the approved threshold (VR-29)","File 2 Journal col W",CT-0004,journal_lines
work_package_id,"حزمة العمل","Work Package",Contracts,"The work package within the contract.","BIGINT FK",Optional,"User input",—,"File 2 Journal col X",WP-ROAD-EXT-01,journal_lines
doc_status,"حالة المستند","Document Status",Documents,"Whether the supporting evidence is complete, partial or missing.",VARCHAR(15),Required,"User input","Partial and Missing automatically raise an exception that cannot be deleted (VR-13)","File 2 Journal col AH",Complete,journal_headers
doc_ref,"مرجع المستند","Document Reference",Documents,"The reference of the supporting document.",VARCHAR(100),Conditional,"User input","Mandatory when doc_status is Complete (VR-14)","File 2 Journal col AB",PCSH9/2025/00025,documents
source_presence,"مصدر الحركة","Source Presence",Migration,"Which historical source workbook or population the entry came from.",VARCHAR(120),Conditional,Migration,"Mandatory on migrated entries; one of the approved source values","File 1 Journal col P","AMER + NEW VERSION",journal_headers
source_reference,"مرجع المصدر","Source Reference",Migration,"The identifier of the transaction in its source document.",VARCHAR(120),Conditional,Migration,"Mandatory on migrated entries","File 1 Journal col Q","AMER-1 / ABS-10",journal_headers
source_amount,"مبلغ المصدر","Source Amount",Migration,"The amount stated in the source document, retained for reconciliation.","DECIMAL(19,0) NULL",Optional,Migration,—,"File 1 Journal col S",63118500,journal_lines
amount_difference,"فرق المبلغ","Amount Difference",Migration,"System amount less source amount. Any non-zero value raises an exception.","DECIMAL(19,0) NULL",System-computed,System,"Must be zero or carry an open exception","File 1 Journal col T",0,journal_lines
recon_status,"حالة المطابقة","Reconciliation Status",Controls,"The reconciliation outcome for the entry against its source.",VARCHAR(60),Conditional,"System / user","One of the nine approved values","File 1 Journal col R","MATCHED / مطابق",journal_headers
status,"حالة القيد","Journal Status",Workflow,"Position in the posting workflow.",VARCHAR(15),Required,System,"Draft → Submitted → Reviewed → Approved → Posted; Posted → Reversed only",—,Posted,journal_headers
is_migration,"قيد ترحيل","Migration Entry",Migration,"Marks an entry loaded from the historical workbooks rather than captured in the system.",BIT,Required,System,"May not be set after the go-live cut-off (VR-54)",—,1,journal_headers
account_code,"رمز الحساب","Account Code","Master Data","The six-digit approved account code.",VARCHAR(10),Required,"User input","Unique; may not be changed once transactions exist","File 1 COA col A",115033,accounts
is_posting,"تسجيل / غير تسجيل","Posting / Non-Posting","Master Data","Whether the account may be posted to directly.",BIT,Required,"User input","Non-posting parents reject all postings (VR-04)","File 1 COA col F",1,accounts
is_active,"نشط / غير نشط","Active / Inactive","Master Data","Whether the account is open for use.",BIT,Required,"User input","Inactive accounts reject all postings; deactivation requires a nil balance","File 1 COA col G",1,accounts
normal_balance,الطبيعة,"Normal Balance","Master Data","Whether the account normally carries a debit or a credit balance.",CHAR(2),Required,"System-derived from account type, overridable","Dr for assets and expenses, Cr for liabilities, equity and revenue","Derived from File 1 COA col D",Dr,accounts
fs_line_id,"بند القائمة المالية","Financial Statement Line",Reporting,"The statement line the account maps to.",VARCHAR(20),Required,Configuration,"Every posting account must map to exactly one line per statement","Document C tab ""Financial Statement Mapping""",SFP-A-040,report_mappings
sign,"إشارة العرض","Display Sign",Reporting,"The sign applied when presenting the account balance on the statement line.",SMALLINT,Required,Configuration,"Either +1 or −1","Document C tab ""Financial Statement Mapping""",-1,report_mappings
book_balance,"الرصيد الدفتري","Book Balance",Cash,"The cash account balance computed from posted transactions.","DECIMAL(19,0)",Required,"System-computed — never writable","Recomputed on every read (VR-57)","File 2 Cash Position",0,reconciliations
actual_balance,"الرصيد الفعلي","Reconciled Actual Balance",Cash,"The balance per the bank statement or the physical cash count.","DECIMAL(19,0)",Required,"User input","Requires a supporting document and a responsible accountant (VR-58)","File 2 Cash Position",0,reconciliations
variance,الفرق,Variance,Cash,"Book balance less actual balance.","DECIMAL(19,0)",System-computed,System,"A non-zero variance leaves the account unreconciled and raises an exception","File 2 Cash Position",0,reconciliations
gov_share_rate,"نسبة حصة الحكومة","Government Share Rate","Revenue & Government Share","The percentage of eligible revenue payable to the State Company for Land Transport.","DECIMAL(5,4)",Required,Parameter,"Effective-dated; never hardcoded (VR-43)","File 2 Setup / Policy 14",0.2000,parameters
revenue_eligible,"مؤهل لحصة الحكومة","Eligible for Government Share","Revenue & Government Share","Whether the revenue line enters the government share base.","BIT NULL",Conditional,"User input","Mandatory on every 410xxx line; exclusions require a documented reason (VR-44)","File 2 Gov Share sheet",1,journal_lines
commercial_operation_date,"تاريخ التشغيل التجاري","Commercial Operation Date","Concession & CIP","The date operations commence, from which amortization begins.","DATE NULL",Conditional,"Parameter, set only by the Finance Manager with a board reference","NULL until confirmed; the system may never infer it (VR-39)","File 2 Setup / Contract Register","To be defined / يُحدد لاحقاً",parameters
settlement_deadline,"تاريخ استحقاق التسوية","Settlement Deadline",Advances,"The date by which the advance must be settled.","DATE NULL","Required for new advances","User input","Drives the aging report and the overdue exception (RE-13)","Assignment §11",2024-03-31,advances
evidence_status,"حالة الإثبات","Evidence Status",Advances,"Whether the settlement is evidenced, pending evidence or unevidenced.",VARCHAR(25),Required,"User input","Pending Evidence keeps the amount in the advance and raises an exception","File 1 Yas Jassim Expense Audit","Pending Evidence",advance_settlements
exception_no,"رقم الاستثناء","Exception Number",Controls,"Unique identifier of an exception.",VARCHAR(20),Required,System-generated,"Unique; never reused; the row may never be deleted (VR-59)","File 2 Exceptions sheet",EXC-2024-0031,exceptions
old_value,"القيمة السابقة","Previous Value",Audit,"The value of the field before the change.",NVARCHAR(MAX),System,System,"Written on every tracked change","Assignment §24",115099,audit_logs
new_value,"القيمة الجديدة","New Value",Audit,"The value of the field after the change.",NVARCHAR(MAX),System,System,"Written on every tracked change","Assignment §24",610019,audit_logs
reason,"سبب التغيير","Reason for Change",Audit,"The justification recorded with the change.",NVARCHAR(1000),"Required on change","User input","Mandatory on reversal, reclassification, period reopen and parameter change","Assignment §24","إعادة تبويب معتمدة من مجلس الإدارة",audit_logs
