"Requirement ID",Requirement,Module,"Business rule(s)","Screen / Process","Database entity(ies)",Report(s),"UAT case(s)",Phase
REQ-001,"The system shall maintain a single approved Chart of Accounts of 145 accounts as migrated from the authoritative workbook, with bilingual names, type, parent, level, posting flag and active flag.",M01,"VR-04, VR-38, VR-60","Chart of Accounts maintenance",accounts,RPT-01,"UAT-003, UAT-004","Phase 1"
REQ-002,"The system shall prevent posting to non-posting parent accounts and to inactive accounts.",M01,"VR-04, VR-38","Account lookup · Posting API","accounts, journal_lines","RPT-01, RPT-24","UAT-003, UAT-004","Phase 1"
REQ-003,"Every change to the Chart of Accounts shall require approval and be written to the audit log with previous and new values.","M01, M10",VR-60,"Chart of Accounts maintenance · Approval","accounts, approvals, audit_logs","RPT-26, RPT-32",UAT-050,"Phase 1"
REQ-004,"The system shall maintain analytical dimensions separately from accounts: project, cost centre, responsibility centre, counterparty, funding source, funding batch, funding category, contract, work package, CAPEX/OPEX, asset class and handover requirement.",M02,"VR-05, VR-07, VR-08","Dimension maintenance · Journal entry","projects, cost_centers, responsibility_centers, counterparties, funding_*, contracts, work_packages","All reports (filters)",UAT-047,"Phase 1"
REQ-005,"Contractors and suppliers shall be maintained as counterparties in a subsidiary ledger and shall never be created as cost centres.","M01, M06","Policy 13","Counterparty maintenance",counterparties,"RPT-02, RPT-16",UAT-022,"Phase 1"
REQ-006,"The system shall record one journal header per transaction with any number of debit and credit lines.",M03,"VR-01, VR-02, VR-03","Journal entry","journal_headers, journal_lines",RPT-03,"UAT-001, UAT-006","Phase 1"
REQ-007,"The system shall reject any transaction whose total debit does not equal its total credit.",M03,VR-01,"Journal entry · Posting API","journal_headers, journal_lines",RPT-04,UAT-002,"Phase 1"
REQ-008,"A journal line shall carry either a debit or a credit, never both and never zero.",M03,VR-03,"Journal entry",journal_lines,RPT-24,UAT-005,"Phase 1"
REQ-009,"The user interface shall offer a simplified two-account entry screen for ordinary transactions while storing them in the normalised header and line structure.",M03,"VR-01, VR-02","Simple journal entry","journal_headers, journal_lines",RPT-03,UAT-001,"Phase 1"
REQ-010,"Project and cost centre shall be mandatory on every journal line.",M03,VR-05,"Journal entry",journal_lines,RPT-24,UAT-047,"Phase 1"
REQ-011,"The system shall implement the thirty-nine approved transaction types with declarative posting rules held in configuration rather than in code.",M03,"PR-01 … PR-35","Transaction type & posting rule maintenance","transaction_types, posting_rules",RPT-03,"UAT-012 … UAT-033","Phase 1"
REQ-012,"The system shall enforce the workflow Draft → Submitted → Reviewed → Approved → Posted, with maker–checker separation.","M03, M17","VR-16, VR-17","Journal workflow · Approval","journal_headers, approvals","RPT-23, RPT-32",UAT-009,"Phase 1"
REQ-013,"A posted entry shall not be editable or deletable; correction shall occur only through controlled reversal or adjustment.",M03,"VR-18, VR-51, VR-52","Journal reversal · Adjustment","journal_headers, audit_logs",RPT-26,"UAT-010, UAT-011","Phase 1"
REQ-014,"The journal number shall be system-generated, unique and gapless within its sequence.",M03,VR-10,"Posting API",journal_headers,RPT-03,UAT-001,"Phase 1"
REQ-015,"Shareholder funding shall never be recognised as revenue, and the spending of project funds shall never reduce a shareholder loan.",M05,"VR-20, Policy 11","Funding entry · Posting rules","journal_lines, shareholders",RPT-11,UAT-014,"Phase 1"
REQ-016,"The system shall distinguish the funding source, the legal accounting owner of the funding, the actual payment source, cash received by SHH and direct payment on behalf of SHH.",M05,"Policy 8, Policy 10","Funding entry","journal_lines, funding_sources, funding_batches","RPT-11, RPT-12","UAT-012, UAT-013","Phase 1"
REQ-017,"The system shall distinguish capital contribution, shareholder loan, shareholder current account, repayment and conversion to equity.",M05,"PR-01 … PR-03, PR-31, PR-32","Funding entry · Equity transactions","shareholders, accounts","RPT-11, RPT-09",UAT-012,"Phase 1"
REQ-018,"Funding from a non-shareholder shall be recognised as a payable to that party and never as a shareholder loan.",M05,VR-21,"Funding entry","journal_lines, counterparties",RPT-11,UAT-015,"Phase 1"
REQ-019,"The system shall maintain a shareholder funding subsidiary ledger reconciled to the general ledger control accounts.",M05,VR-55,"Funding reconciliation","journal_lines, shareholders, reconciliations",RPT-11,UAT-012,"Phase 1"
REQ-020,"The system shall trace funding through the chain shareholder → cash → advance or direct payment → final economic account and report the difference at each level.","M05, M09","VR-26, VR-27, RE-05","Funding chain control","journal_lines, funding_batches",RPT-20,UAT-052,"Phase 1"
REQ-021,"Issuing an advance shall never be recognised as an expense; cost is recognised only when the advance is settled on approved documents.",M04,VR-25,"Advance issue","advances, journal_lines",RPT-13,"UAT-016, UAT-017","Phase 1"
REQ-022,"When an advance is settled, the advance account shall be credited and no expense, CIP, fixed-asset or receivable account shall ever be credited to settle it.",M04,"VR-26, VR-27","Advance settlement","advance_settlements, journal_lines",RPT-15,"UAT-018, UAT-019","Phase 1"
REQ-023,"The advance record shall carry holder, project, responsibility centre, purpose, amount, issue date, settlement deadline, amount settled, amount outstanding, supporting documents and status.",M04,RE-13,"Advance maintenance","advances, documents","RPT-13, RPT-14","UAT-016, UAT-021","Phase 1"
REQ-024,"The system shall report advance aging against the settlement deadline and raise an exception when an advance becomes overdue.","M04, M09",RE-13,"Advance aging","advances, exceptions","RPT-14, RPT-24",UAT-021,"Phase 1"
REQ-025,"Unsupported custody spend shall be reclassifiable to a personal receivable of the named individual under approval.",M04,VR-28,"Advance reclassification","advance_settlements, journal_lines",RPT-15,UAT-020,"Phase 1"
REQ-026,"The contractor and supplier subledger shall report contract value, amendments, change orders, certified work, invoices, advances, advance recoveries, retention, deductions, taxes, penalties, payments, accrued amounts, outstanding payable and remaining commitment.",M06,"VR-29 … VR-34","Contractor subledger","counterparties, contracts, contract_amendments, journal_lines",RPT-16,"UAT-022, UAT-024","Phase 1"
REQ-027,"The contractor subledger shall reconcile to the related general ledger control accounts and the difference shall be reported.",M06,VR-55,"Contractor reconciliation","journal_lines, reconciliations",RPT-17,UAT-022,"Phase 1"
REQ-028,"Cumulative advance recovery shall not exceed the advance issued, and payment shall not exceed the outstanding payable.",M06,"VR-32, VR-34","Certification · Payment","journal_lines, contracts",RPT-16,"UAT-023, UAT-025","Phase 1"
REQ-029,"The system shall maintain a Concession Assets under Construction register per account and per project with opening, additions, transfers out and closing, and an asset handover classification.",M12,VR-38,"CIP register","journal_lines, accounts",RPT-18,UAT-026,"Phase 1"
REQ-030,"Transfer from CIP to the concession and operating right, and any amortization, shall be blocked until the commercial operation date parameter is set by an authorised user. The system shall never infer that date.",M12,"VR-39, VR-40","Concession transfer · Amortization run","parameters, projects, journal_headers",RPT-18,"UAT-027, UAT-028, UAT-029","Phase 1"
REQ-031,"Revenue shall be recognised only in accounts 410001–410009 and every revenue line shall carry a government-share eligibility flag.",M14,"VR-22, VR-42","Revenue entry",journal_lines,"RPT-07, RPT-19",UAT-030,"Phase 1"
REQ-032,"The government revenue share shall be computed on eligible revenue only, using an effective-dated parameter, and shall never be hardcoded.",M14,"VR-43, VR-44","Government share run","parameters, journal_lines",RPT-19,"UAT-031, UAT-032, UAT-033","Phase 1"
REQ-033,"The government share shall be recognised as a liability and presented as a profit and loss line, with a reconciliation of share due, share recognised, payments and closing payable.",M14,"PR-25, PR-26","Government share reconciliation","journal_lines, reconciliations","RPT-19, RPT-07",UAT-031,"Phase 1"
REQ-034,"The trial balance shall be fully system-generated with account code, bilingual names, opening debit and credit, period debit and credit, closing debit and credit, and shall prove total debit equals total credit on every run.",M07,VR-56,"Trial balance","journal_lines, accounts, accounting_periods",RPT-04,UAT-044,"Phase 1"
REQ-035,"No manual balancing adjustment shall ever be used to force the trial balance to balance.",M07,VR-56,"Trial balance · Posting API",journal_lines,"RPT-04, RPT-21","UAT-044, UAT-052","Phase 1"
REQ-036,"Every financial statement figure shall derive from the general ledger through a configurable mapping of account to statement line, sign and display order. No report figure shall be stored, typed or overridden.",M07,VR-55,"Report mapping maintenance · Statement generation","report_mappings, journal_lines","RPT-06, RPT-07, RPT-08a, RPT-09",UAT-045,"Phase 1"
REQ-037,"The system shall produce a Statement of Financial Position with the approved groupings and a balance check of assets less liabilities and equity equal to zero.",M07,VR-55,"Statement generation",report_mappings,RPT-06,UAT-045,"Phase 1"
REQ-038,"The system shall produce a Profit and Loss statement showing gross project revenue, government revenue share, net retained revenue, direct operating costs, gross operating result, administrative expenses and net result.",M07,VR-55,"Statement generation",report_mappings,RPT-07,UAT-045,"Phase 1"
REQ-039,"The system shall produce a statutory cash flow statement and, separately named, a management funding and cash movement summary. The two shall not be presented as the same report.","M07, M08",RE-07,"Statement generation","report_mappings, funding_batches","RPT-08a, RPT-08b",UAT-045,"Phase 1 (RPT-08b) / Phase 2 (RPT-08a)"
REQ-040,"The system shall produce a Statement of Changes in Equity.",M07,RE-08,"Statement generation",report_mappings,RPT-09,UAT-045,"Phase 2"
REQ-041,"Financial reporting shall support current month, prior month, current year to date, prior-year year to date, project-specific, corporate, consolidated, variance and percentage-change presentations.",M08,RE-07,"Comparative reporting","report_mappings, accounting_periods",RPT-31,UAT-047,"Phase 2"
REQ-042,"The Cash Position shall derive every book balance from posted transactions and shall never operate as an independent ledger.",M11,VR-57,"Cash position","bank_accounts, journal_lines",RPT-10,UAT-034,"Phase 1"
REQ-043,"The Cash Position shall record opening balance, receipts, payments, closing book balance, actual balance, reconciled balance, variance, reconciliation status, last reconciliation date, responsible accountant and supporting documentation, with drill-down to the underlying entries.",M11,VR-58,"Cash reconciliation","reconciliations, documents",RPT-10,"UAT-034, UAT-035","Phase 1"
REQ-044,"Every report figure shall support drill-down from financial statement to trial balance to account ledger to journal entry to supporting document.","M07, M08","Assignment §18","All reports","report_mappings, journal_lines, documents","RPT-06, RPT-04, RPT-05, RPT-03",UAT-046,"Phase 1"
REQ-045,"The system shall provide a consistent filter engine across reports covering dates, year, period, entity, project, cost centre, responsibility centre, account, account group, funding dimensions, counterparties, contract, work package, CAPEX/OPEX and status fields.","M07, M08","F-01 … F-30","Report filters",all,"All reports",UAT-047,"Phase 1"
REQ-046,"The system shall support formal accounting periods with open, soft close, final close, reopen with authorisation and lock, and shall reject postings into a closed or locked period.",M15,VR-09,"Period management",accounting_periods,RPT-28,"UAT-007, UAT-008","Phase 1"
REQ-047,"The system shall operate a twenty-five task monthly closing checklist and shall block the final close of a period whose tasks are incomplete.",M15,"Closing control","Monthly closing","closing_checklist, accounting_periods",RPT-28,UAT-048,"Phase 1"
REQ-048,"Journal entries shall support attached evidence with a controlled document status of Complete, Partial or Missing.",M16,"VR-13, VR-14","Document attachment","documents, journal_headers",RPT-24,UAT-041,"Phase 1"
REQ-049,"Missing and partial documents shall remain visible in the exceptions and compliance reporting and shall not be removable.","M16, M09","VR-13, VR-59","Exceptions register","exceptions, documents",RPT-24,UAT-041,"Phase 1"
REQ-050,"The system shall detect duplicate transactions and duplicate document references and require a disposition before posting.",M09,"VR-30, VR-35","Duplicate detection","duplicate_flags, journal_headers",RPT-22,"UAT-039, UAT-040","Phase 1"
REQ-051,"The system shall maintain an exceptions register in which every unresolved item remains visible at its true value; no exception shall be deleted, netted or forced into an account.",M09,VR-59,"Exceptions register",exceptions,"RPT-24, RPT-21","UAT-041, UAT-052","Phase 1"
REQ-052,"Any posting to the suspense account shall automatically open an exception, and clearing it shall require a resolution reference.",M09,"VR-47, VR-48","Suspense management","exceptions, journal_lines",RPT-24,"UAT-037, UAT-038","Phase 1"
REQ-053,"Historical entries whose source carries no date shall be recorded with an explicit date status and a null transaction date; the system shall never substitute a date.","M03, M18",VR-15,"Journal entry · Migration",journal_headers,"RPT-24, RPT-29",UAT-042,"Phase 1"
REQ-054,"The system shall record a complete audit trail of creation, modification, submission, review, approval, posting, reversal, period locks, master data changes, mapping changes and reconciliation balances, with user, timestamp, reason, previous value and new value.",M10,"VR-60, Assignment §24","All maintenance and workflow screens","audit_logs, approvals","RPT-32, RPT-26",UAT-050,"Phase 1"
REQ-055,"The system shall implement role-based access control across the eight defined roles and the seventeen defined permissions, with no single user holding uncontrolled end-to-end authority.",M17,"VR-16, VR-17","User and role administration","users, roles, user_roles, role_permissions",RPT-32,UAT-049,"Phase 1"
REQ-056,"The system shall migrate the historical accounting data from the approved source workbook without altering dates, amounts, descriptions, classifications or exceptions.",M18,"VR-54, Assignment §37",Migration,all,RPT-29,"UAT-051, UAT-052","Phase 1"
REQ-057,"Migrated data shall reconcile to the source workbook on record count, total debit, total credit, per-account balances, project totals, funding totals, advance balances, duplicate counts and exceptions before the system is accepted.",M18,"MC-01 … MC-30","Migration reconciliation",migration_control,RPT-29,UAT-051,"Phase 1"
REQ-058,"The user interface shall support Arabic with correct right-to-left rendering, bilingual labels and IQD formatting without decimals.",M19,"VR-19, RE-14","All screens","companies, accounts","All reports",UAT-001,"Phase 1"
REQ-059,"Financial tables shall support search, filter, sort, drill-down, export to Excel, export to PDF, print, date filters and saved views.",M19,"Assignment §29","All list and report screens",all,"All reports","UAT-046, UAT-047","Phase 1"
REQ-060,"The executive dashboard shall present live accounting data with a management purpose and drill-down behind every indicator.",M08,"Assignment §30",Dashboard,all,RPT-27,UAT-046,"Phase 1"
REQ-061,"The system shall hold policy parameters — government share percentage, contract term, commercial operation date, FX rate, currency and decimal policy — in an effective-dated parameter table with approval and full history.",M00,"VR-43, RE-12","Parameter maintenance","parameters, audit_logs",RPT-32,UAT-033,"Phase 1"
REQ-062,"The system shall meet the non-functional requirements for authentication, authorisation, audit logging, data integrity, backup and restore, performance, attachment storage, encryption, session security, disaster recovery, export, scalability, Arabic support and browser compatibility.",M20,"Document B §Non-functional",Platform,all,—,UAT-049,"Phase 1"
